<?xml version="1.0" encoding="UTF-8"?>
<services-config>

    <services>
        <service
            id="granite-service"
            class="flex.messaging.services.RemotingService"
            messageTypes="flex.messaging.messages.RemotingMessage">
            <destination id="pojo">
                <channels>
                    <channel ref="my-graniteamf"/>
                </channels>
                <properties>
                    <factory>springFactory</factory>
                    <source>*</source>
                </properties>
            </destination>
        </service>
    </services>
    
	<factories>
		<factory id="springFactory" class="br.com.linkcom.neo.core.flex.NeoServiceFactory" />
    </factories>

    <channels>
        <channel-definition id="my-graniteamf" class="mx.messaging.channels.AMFChannel">
            <endpoint
                uri="http://{server.name}:{server.port}/{context.root}/graniteamf/amf"
                class="flex.messaging.endpoints.AMFEndpoint"/>
        </channel-definition>
    </channels>

</services-config>
